name,id
Shaeleigh Ferguson,1
Ocean Branch,2
Knox Delaney,3
Brianna Carey,4
Talon Stanley,5
Joy Flores,6
Xander Wilder,7
Hilary Bean,8
Jessica Horton,9
Justina Nolan,10
Abra Campos,11
Amber Vaughan,12
Lev Sosa,13
Hu Sweeney,14
Rhona Todd,15
Neville Trevino,16
Dean Daugherty,17
Jameson Gilmore,18
Nomlanga Kemp,19
Chiquita Hurst,20
Brody Fleming,21
Adam Fitzpatrick,22
Gareth Morin,23
Belle Chen,24
Marny Santana,25
Leroy Atkins,26
Macaulay Cunningham,27
Germaine Hoffman,28
Kareem Oneal,29
Eve Frye,30
Abdul Swanson,31
Simon Lopez,32
Carlos Petersen,33
Rina Eaton,34
Carissa Gibson,35
Dalton Stephenson,36
Linus Fulton,37
Tarik Roach,38
Boris Holt,39
Ima Valencia,40
Jamal Petersen,41
Justine Morton,42
Theodore Velez,43
Paloma Coleman,44
Brynn Lester,45
Mona Carpenter,46
Avram Vega,47
Honorato Soto,48
Chastity Melton,49
Ivory Hatfield,50
Merrill Roach,51
Iona Fitzpatrick,52
Charity Jacobson,53
Flynn Duncan,54
Maile Tyson,55
Ciaran Cummings,56
Valentine Gould,57
Dustin Parsons,58
Jillian Obrien,59
Ella Richard,60
Gary Hammond,61
Nell Frederick,62
Amity Delaney,63
Janna Williams,64
Wanda Frye,65
Claire Finley,66
Halla Freeman,67
Marah Byrd,68
Anastasia Montgomery,69
Teagan Bell,70
Barrett Schroeder,71
Charissa Foster,72
Nigel Greer,73
Graham Holcomb,74
Shelby Ballard,75
Julian Michael,76
Stewart Hodges,77
Gemma Cantu,78
Cairo Christian,79
Kai Mayer,80
Cooper Keith,81
Michael Stanton,82
Victor Chase,83
Carolyn Rosa,84
Levi Pearson,85
Basia Mullins,86
Acton Fowler,87
Vielka Greer,88
Brianna Arnold,89
Alice Curry,90
Cullen Justice,91
Jennifer Chavez,92
Amos Patterson,93
Nevada Bell,94
Arsenio Brown,95
Samuel Maddox,96
Omar Reyes,97
Fredericka Dominguez,98
Caleb Chang,99
Cain Hines,100
Serena Burks,101
Chloe Myers,102
Bernard French,103
Ori Case,104
Veda Pennington,105
Oscar Munoz,106
Bert Jennings,107
Yasir Lara,108
Shaine Booker,109
Dieter Hayden,110
Malik Jacobson,111
Latifah Ross,112
Ferris Hawkins,113
Isaiah Kim,114
Elaine Patel,115
Lani Graham,116
Zahir Castro,117
Graham Garza,118
Gemma Navarro,119
Stacy Mitchell,120
Duncan Lambert,121
Bruce Rasmussen,122
Ima Larson,123
Mira Sampson,124
Ava Wilcox,125
Dorothy Norman,126
Alana Smith,127
Tashya Ramos,128
Camille Hubbard,129
Daria Carter,130
Roary Ware,131
Omar Terry,132
Christopher Cooke,133
Holly Summers,134
Dawn Holden,135
Galvin Perez,136
Amy Morrow,137
Thomas Owen,138
Alyssa Cash,139
Elmo Pittman,140
Emi Marshall,141
Wesley Whitaker,142
Emerald Mayer,143
Dalton Blanchard,144
Jaquelyn Sullivan,145
Kylie Hansen,146
Brynne Gilmore,147
Yetta Cotton,148
Wyatt Roberson,149
Gail Palmer,150
Renee Meyers,151
Basia Albert,152
Jael Newman,153
Serina Spears,154
Hunter Hardy,155
Nicholas Allison,156
Mufutau Woodard,157
Raja Caldwell,158
Sydnee Golden,159
Hilda Dickerson,160
Thor Wise,161
Isadora Daugherty,162
Zeph Knapp,163
Cherokee Vasquez,164
Florence Acevedo,165
Price Davis,166
William Bass,167
Gay Ferguson,168
Brent Bell,169
Alec Short,170
Steven Dennis,171
Josiah Tate,172
Neil Deleon,173
Violet Hernandez,174
Madeline Snow,175
Hu Bird,176
Xenos Hood,177
Ciaran Cannon,178
Christopher Hernandez,179
Harrison Duncan,180
Quintessa Snow,181
Ali Spencer,182
Naomi Calderon,183
Wade Koch,184
Elijah Coleman,185
Gray Hahn,186
Price Levine,187
Julian Donovan,188
Nita Avila,189
Joan Shaw,190
Jessica Espinoza,191
Shoshana Sweet,192
Wayne Skinner,193
Tyrone Shelton,194
McKenzie Berger,195
Yvonne Pierce,196
Charles Rutledge,197
Porter Rodriquez,198
Honorato Larson,199
Darrel Hyde,200
Nissim Morris,201
Aquila Vasquez,202
Ina Barber,203
Joel York,204
Quail Bray,205
Olympia Sims,206
David Munoz,207
Seth Hooper,208
Gisela Campos,209
Lucian Ellison,210
Vanna Harrell,211
Anne Russo,212
Jocelyn Pollard,213
Lane Downs,214
Samuel Carlson,215
Simon Clements,216
Orlando Maynard,217
Hop Davis,218
Wade Graves,219
Travis Gill,220
Abraham Cross,221
Price Stone,222
Cedric Holden,223
Ciaran Ward,224
Holmes Hardy,225
Keegan Sexton,226
Adrienne Barlow,227
Ima Whitfield,228
Perry Woodward,229
Abbot Gillespie,230
Dale Cotton,231
Alisa Lloyd,232
Fredericka Cook,233
Aretha Melton,234
Dillon Whitley,235
Raymond Perry,236
Kiayada Underwood,237
Cooper Sanchez,238
Cailin Roach,239
Vaughan Evans,240
Carl Watson,241
Alexandra Clark,242
Aileen Faulkner,243
Robin Griffin,244
Thomas Sawyer,245
Boris Rocha,246
Lisandra Mccullough,247
Linda Wallace,248
Iola Luna,249
Grace Small,250
Quinn Dalton,251
Bethany Dickson,252
Nicholas Delgado,253
Melvin Gomez,254
Yuri Sims,255
Hedley Rios,256
Reagan Leonard,257
Wyatt Owen,258
Carissa Ochoa,259
Dahlia Dickson,260
Kasimir Farrell,261
Claudia Tyler,262
Robert Moreno,263
Genevieve Blankenship,264
Patrick Howe,265
Denise Sexton,266
Joan Nixon,267
Tanisha Pace,268
Lyle Lynn,269
Lara Key,270
Inez Sexton,271
Ivana Andrews,272
Hop Lee,273
Nadine Irwin,274
Kirk Bond,275
Norman Willis,276
Lilah Witt,277
Holmes Buchanan,278
Amaya Snow,279
Acton Church,280
Benjamin Hull,281
Melanie Rivers,282
Gabriel Dudley,283
Driscoll Garcia,284
Emma Stone,285
Sylvia Roberts,286
Vielka Nelson,287
Gregory Brewer,288
Tamekah Shepard,289
Keiko Moody,290
Ginger Pickett,291
Calvin Lamb,292
Felicia Swanson,293
Camden Nash,294
Melanie Davidson,295
Brady Hurst,296
Owen Chambers,297
Tasha Summers,298
Damian Gates,299
Colin Schneider,300
Jaquelyn Knapp,301
Ainsley Oneill,302
Jerry Hale,303
Jin Hyde,304
Mufutau Roberts,305
Jarrod Hooper,306
Dorothy Mullins,307
Deanna Ford,308
Damon Dejesus,309
Hammett Campbell,310
Fiona Nixon,311
Natalie Ingram,312
Chancellor Chambers,313
Alden Roberson,314
Clinton Calhoun,315
Ryan Brady,316
Warren Hale,317
Jenna Barron,318
Raphael Gallegos,319
Stacy Martinez,320
Brennan Nielsen,321
Brenda Espinoza,322
Mannix Ford,323
Emily Warren,324
Irene Bowers,325
Kirby Richard,326
Lucas Mcdaniel,327
Cherokee Petersen,328
Cheyenne Ratliff,329
Sybill Sanford,330
Rina Duncan,331
Natalie Steele,332
Hashim Cain,333
Armando Erickson,334
Acton Sanchez,335
Colorado Arnold,336
Leigh Fuentes,337
Ava Brady,338
Timon Michael,339
Dexter Le,340
Jack Stout,341
Fatima Payne,342
Xandra Schroeder,343
Sierra Holden,344
Jaime Newton,345
Lane Scott,346
Avram Walls,347
Drew Moran,348
Kirby Hampton,349
Jade Hubbard,350
Zeus Booth,351
Omar Olson,352
Kirk Mathis,353
Dustin Watkins,354
Vernon Cruz,355
Shoshana Hill,356
Jasmine Bolton,357
Violet Lawrence,358
Neil Glass,359
May Snyder,360
Benedict Jefferson,361
Brody Palmer,362
Harper Higgins,363
Hector Clark,364
Akeem Blanchard,365
Hedwig Ayala,366
Zane Potts,367
Solomon Acosta,368
Elliott Hamilton,369
Xavier Floyd,370
Germane Vaughan,371
Uriel Roy,372
Holmes Rosario,373
Vivian Petersen,374
Lamar Wooten,375
Madeline Carson,376
Cadman Spencer,377
Benjamin Rocha,378
Yardley Doyle,379
Summer Knight,380
Beau Roman,381
Flynn Daniel,382
Rudyard Tucker,383
Harper Alvarado,384
Lucian Mcmillan,385
Paula Slater,386
Colleen Buckner,387
Castor Browning,388
Arden Ratliff,389
Kelly Prince,390
Lev Park,391
Uta Simon,392
Hoyt Crosby,393
Judah Holloway,394
Karly Herrera,395
Yvette Boone,396
Latifah Haynes,397
Robert Riddle,398
Colby Downs,399
Freya Lawrence,400
Cora Fletcher,401
Emi Carr,402
Brendan Schroeder,403
Michael Rich,404
Brenden Rodriguez,405
Evelyn Molina,406
Katell Schneider,407
Ria Greer,408
Ian Dawson,409
Maggie Hurst,410
Charity Franco,411
Orlando Melendez,412
Kessie Kennedy,413
Fletcher Anthony,414
Miriam Owen,415
Keane Ratliff,416
Michelle Campos,417
Elizabeth Bowers,418
Faith Wells,419
Genevieve Pittman,420
Maris Cochran,421
Ahmed Fisher,422
Conan Poole,423
Ann Browning,424
Edward Fisher,425
Vladimir Silva,426
Magee Stanley,427
Rhea Johns,428
Kyla Logan,429
Troy Tanner,430
Amela Bush,431
Quemby Moss,432
Isaiah Bowman,433
Clarke Wallace,434
Cody Byers,435
Fitzgerald Rosario,436
Rajah Underwood,437
Vincent Tran,438
Pearl Sparks,439
Haviva Lott,440
Emi Evans,441
Sybil Higgins,442
Chase Bradley,443
Erica Mathews,444
Tara Coleman,445
Rudyard Wiley,446
Ella Mcintyre,447
Tanner Peterson,448
Arden Maldonado,449
Charity Stark,450
Ivana Klein,451
Ezekiel Hensley,452
Courtney Blankenship,453
Lael Burks,454
Lillith Guy,455
Haley Obrien,456
Garrett Guthrie,457
Charity Moses,458
Felicia Byers,459
Asher Sims,460
Allegra Mcclain,461
Chancellor Ewing,462
Judith Fletcher,463
Rashad Salas,464
Lisandra Rush,465
Raymond Mckee,466
Yvette Allison,467
Maisie Guy,468
Prescott Day,469
Tanek Figueroa,470
Tiger Hodges,471
Robin Chang,472
Guy Chan,473
Alana Knight,474
Kalia Nielsen,475
Brandon Shepard,476
Cherokee Clayton,477
Malcolm Hardin,478
Erich Levine,479
Simon Drake,480
Roanna Cochran,481
Price Hinton,482
Davis Goodwin,483
Jane Duran,484
Jermaine Kirkland,485
Lucy Saunders,486
Amanda Cobb,487
Ann Hernandez,488
Kennan Olsen,489
Garth Tran,490
Roth Chapman,491
Jason Powers,492
Katelyn Blackwell,493
Laith Hill,494
Declan Merritt,495
Marcia Bullock,496
Kamal Oneill,497
Allegra Pittman,498
Blythe Tran,499
Quinn York,500
Axel Mercado,501
Raja Spencer,502
Sierra James,503
Chandler Shaffer,504
Uta Barker,505
Finn Chavez,506
Galvin Flores,507
Ray Barber,508
Mercedes Randall,509
Ulysses Burch,510
Jameson Mcmahon,511
Kelly Hess,512
Jerry Salinas,513
Coby Daugherty,514
Noelani Gill,515
Uriel Davidson,516
Keegan Humphrey,517
Jamal Blair,518
Germaine Adams,519
Haviva Reilly,520
Abraham Randolph,521
Francis Rivera,522
Frances Atkinson,523
Azalia Head,524
Sonia Hull,525
Autumn Lambert,526
Jin Jensen,527
Paul Grimes,528
Miriam Mcbride,529
Aristotle Hammond,530
Blair Sanchez,531
Willow Bean,532
Venus Forbes,533
Alvin Barnett,534
Samuel Wells,535
Laith Knowles,536
Gavin Lawrence,537
Claire Pittman,538
Margaret Mejia,539
Scarlett Conley,540
Guy Garza,541
Barry Pacheco,542
Katell Lewis,543
Maggy Christian,544
Simone Marshall,545
Leandra Abbott,546
Lillith Watson,547
Abel Le,548
Penelope Shields,549
Kennedy Elliott,550
Karly Potter,551
Fallon Sharp,552
Nell Valdez,553
Candice Perry,554
Cassady Wilder,555
Leo Sloan,556
Quamar Kidd,557
Kiayada Ferguson,558
Talon Duke,559
Kirsten Rose,560
Wang Gaines,561
Melvin Tyson,562
Macon Harrell,563
William Ball,564
Preston Casey,565
Kalia Shaw,566
Linus Collins,567
Rylee Gregory,568
Wynter Wells,569
Victor Merrill,570
Randall Adams,571
Buckminster Dawson,572
Wing Montoya,573
Upton Travis,574
Brent Hale,575
Hammett Knight,576
Sigourney Pollard,577
Clarke Joyce,578
Ignacia Strickland,579
Graiden Houston,580
Malcolm York,581
Castor Gillespie,582
Hayfa Jefferson,583
Bree Wiley,584
Elaine Johnston,585
Keelie Zamora,586
Malcolm Murphy,587
Chastity Wood,588
Idola Noble,589
Fallon Fernandez,590
Shaeleigh Bates,591
Dolan Martinez,592
Destiny Workman,593
Price Whitehead,594
Malik Craig,595
Knox Salazar,596
Maggie Bowman,597
Jarrod Mitchell,598
Wyoming Haley,599
Orla Craft,600
Dai Duncan,601
Vivien Leonard,602
Travis Battle,603
Harper Owens,604
Natalie Mccarty,605
Elmo Greer,606
Ulric Meadows,607
Isabelle Noel,608
Brianna Potts,609
Scarlett Craig,610
Lionel David,611
Nehru Newton,612
Macaulay Pitts,613
Keelie Dudley,614
Zoe Fulton,615
Brynne Calderon,616
Drake Crane,617
Sara Newton,618
Kitra Randolph,619
Iris Rodgers,620
Judith Bullock,621
Evan Meadows,622
Fletcher Webb,623
Noah Oneil,624
Arden Barron,625
Rhea Nelson,626
Shelly Everett,627
Denise Cooke,628
Lani Young,629
Athena Maynard,630
Raphael Benton,631
Drew Bond,632
Lana Randall,633
Ryder Mcdowell,634
Octavius Warner,635
Tashya Sanders,636
Jescie Hensley,637
Ulysses Stevens,638
Elmo Pratt,639
Bert Decker,640
Zeus Noble,641
Len Ortiz,642
Tasha Hernandez,643
Julian Ware,644
Tad Cook,645
Jillian Boone,646
Marshall Quinn,647
Aubrey Chambers,648
Dominique Casey,649
Sigourney Ewing,650
Ciaran Alexander,651
Chaney Daniels,652
Xanthus Head,653
Amir Joseph,654
Meredith Good,655
Barrett Olson,656
Gail Poole,657
Zachery Harvey,658
Rashad Daugherty,659
Helen Rodriquez,660
Zenia Tillman,661
Wesley Young,662
Olivia Riddle,663
Ahmed Rice,664
Jackson Mullins,665
Lane Greene,666
Donovan Gutierrez,667
Ulysses Waller,668
Nathan Lynch,669
Maxwell Melendez,670
Anjolie Blevins,671
Iona Calderon,672
Maxwell Rush,673
Kevin Rice,674
TaShya Gilbert,675
Davis Perkins,676
Beverly Golden,677
Kieran Vang,678
Herman Harmon,679
Sophia Edwards,680
Rose Carroll,681
Amery Cherry,682
Hector Lynch,683
Shelby Farmer,684
Rooney Rowe,685
Giselle Conway,686
Macaulay Payne,687
Tara Hutchinson,688
Damon Navarro,689
Rowan Castaneda,690
Abra Donaldson,691
Elmo Hahn,692
Arthur Jones,693
Whitney Hopper,694
Lilah Nolan,695
Maggie Merritt,696
Halla Walls,697
Remedios Harding,698
Adrienne Poole,699
Berk Mcclure,700
Madeline Downs,701
Ariel Patton,702
Tanisha Lindsay,703
Dawn Keller,704
Francis Workman,705
Miriam Crane,706
Cassidy Bean,707
Dennis Ashley,708
Carissa Finley,709
Chadwick Oneal,710
Axel Camacho,711
Yoshio Sims,712
Hall Barron,713
Xena Joyce,714
Kyla Burks,715
Keely Cortez,716
Herman Miller,717
Uriel Francis,718
Violet Duffy,719
Jescie Knight,720
Addison Wilcox,721
Honorato Fuentes,722
Cruz Conrad,723
Jackson Mcneil,724
Paki Mitchell,725
Willa Carney,726
Chantale Perez,727
Dane Ramirez,728
Meghan Blanchard,729
Sydnee Romero,730
Olivia Merritt,731
Alvin Beach,732
Ralph Cook,733
Kevin Wiggins,734
Kareem Watson,735
Alden Hernandez,736
Rina Garza,737
Jaquelyn Cooke,738
Irma Blevins,739
Quinlan Howard,740
Camden Byrd,741
Cherokee Wolf,742
Isaiah Whitley,743
Nadine Washington,744
Demetria Hobbs,745
Germaine Gregory,746
Tara Warren,747
Akeem Conner,748
Kuame Solomon,749
Nyssa Wilkerson,750
Ursula Leon,751
Moses Rivera,752
Denise Johnson,753
Karina Cooke,754
Brianna Foley,755
Alfonso Mejia,756
Hadassah Dalton,757
Rashad Powell,758
Blake Myers,759
Timothy Mcintyre,760
Kirestin Melton,761
Cameron Rasmussen,762
Jin Munoz,763
Asher Sosa,764
Wylie Frazier,765
Raphael Cohen,766
Omar Hoover,767
Yardley Holloway,768
Ivor Simmons,769
Jin Saunders,770
Emerald Ruiz,771
Trevor Bullock,772
Hall Curtis,773
Castor Patel,774
Raphael Schroeder,775
Haley Calderon,776
Amethyst Garner,777
Whoopi Ayala,778
Skyler Lloyd,779
Lars Hewitt,780
Montana Leblanc,781
Eugenia Lancaster,782
Tad Odom,783
Ariana Cox,784
Jordan Drake,785
Britanni Young,786
Bernard Morgan,787
Idola Long,788
Griffith Hudson,789
Liberty Vinson,790
Valentine Rose,791
Vera Foreman,792
Zephania Berg,793
Hammett Valentine,794
Cameron Avila,795
Lynn White,796
Charles Mathews,797
Courtney Blair,798
Yoshio Hanson,799
Skyler Keith,800
Hyacinth Medina,801
Leo Mccarthy,802
Quinn Pennington,803
Xerxes Saunders,804
Fatima Gamble,805
Chester Prince,806
Bryar Rosario,807
Xenos Charles,808
Quincy Bishop,809
Geoffrey Cummings,810
Slade Gaines,811
Beau English,812
Magee Franklin,813
Amos Sweet,814
Mohammad Maldonado,815
Maxwell Mann,816
Ruth Weber,817
Beverly Daniel,818
Vincent Jefferson,819
Cyrus Mccoy,820
Harding Cantrell,821
Priscilla Diaz,822
Xyla Gilbert,823
Nicholas Brewer,824
Buckminster Mcdonald,825
Calvin Vaughn,826
Shellie Gilmore,827
Brandon Rodriguez,828
Odysseus Spencer,829
Margaret Medina,830
Ciara Kline,831
Lester Johns,832
Odette Bright,833
Adena Knapp,834
Bruce Golden,835
Elijah Snyder,836
Glenna Byrd,837
Davis Baker,838
Rylee Kent,839
Ruth Mcfarland,840
Kellie Hayes,841
Graham Nixon,842
Armand Howe,843
Caleb Mckinney,844
Nolan Dickson,845
Ezra Crane,846
Britanni Noel,847
Sydnee Sheppard,848
Kelly Graves,849
Ulla Harrington,850
Colt Ferguson,851
Palmer Noel,852
Otto Luna,853
Hilel Grimes,854
Inez Singleton,855
Vielka Lane,856
Merritt Webb,857
Tyrone Jordan,858
Echo Nixon,859
Virginia Sykes,860
Dennis Armstrong,861
Phyllis Allen,862
Dustin Hyde,863
Jesse Bass,864
Plato Slater,865
Lionel Dalton,866
Castor Lawrence,867
Anjolie Barron,868
Selma Trujillo,869
Briar Estrada,870
Renee Guy,871
Neve Savage,872
Bethany Terry,873
Adam Barnett,874
Rylee Clarke,875
Wyoming Howe,876
Joshua Armstrong,877
Ivor Nguyen,878
Timon Justice,879
Jessamine Kaufman,880
Erin Palmer,881
Daria Flores,882
Walker Rivers,883
Hiram Rollins,884
Blake Barrett,885
Kameko Fuentes,886
Jane Ashley,887
Ethan Maynard,888
Fallon Carter,889
Uriel Griffin,890
Connor Salas,891
Cade Thornton,892
Buckminster Murphy,893
Zeus Buckner,894
Harrison Spears,895
Lareina Park,896
Oleg Knapp,897
Stacey Patrick,898
Hanna Irwin,899
Dieter Case,900
Forrest Mueller,901
Bruce Lang,902
Cole Blake,903
Lareina Johnson,904
Indira Carson,905
Merrill Conrad,906
Yvonne Downs,907
Ann Cherry,908
Marah Cantrell,909
Kirk Townsend,910
Brittany Fitzgerald,911
Maggy Macdonald,912
Hu Slater,913
Judith Hebert,914
Inga Green,915
Kiayada Mclean,916
Shaeleigh Zimmerman,917
Buffy Key,918
Chanda Shaw,919
Armando Meadows,920
Lewis Carr,921
Cora Rowland,922
Indira Lawson,923
Hayden Haynes,924
Gareth Ferrell,925
Bradley Swanson,926
Maxine Wong,927
Ivan Cruz,928
Elaine Rodriguez,929
Cain Hopkins,930
Evelyn Martinez,931
Brenna Newman,932
Chelsea Knapp,933
Hayes Stewart,934
Elaine Kirby,935
Chandler Burton,936
Mohammad Figueroa,937
Alexander Huff,938
Colby Tyler,939
Sade Andrews,940
Charde Ware,941
Leonard Gardner,942
Rogan Tate,943
Herrod Avery,944
Lillian Vance,945
Alisa Avila,946
Willa Pope,947
Eliana Russo,948
Hilary Cruz,949
Christopher Best,950
Brent Stout,951
Ocean Wilkins,952
Ronan Holcomb,953
Zane Cooper,954
Gretchen Velez,955
Stone Goodwin,956
Scarlett Travis,957
Allistair Montoya,958
Giacomo Wilder,959
Ori Duffy,960
Ethan Hicks,961
Aquila Hunt,962
Emmanuel Stark,963
Jacqueline Fields,964
Dora Murray,965
Quentin Rivera,966
Harper Peck,967
Charles Hinton,968
Rhonda Jones,969
Jonas Elliott,970
Quamar Randall,971
Martin Woodard,972
Hamish Ferguson,973
Justin William,974
Brenden Gross,975
Fatima Hoffman,976
Kendall Alexander,977
Xanthus Livingston,978
Slade Lowery,979
Felicia Brock,980
Daphne Meadows,981
Gay Wilcox,982
Herrod Hancock,983
Fleur Lynch,984
Giselle Stuart,985
Tucker Small,986
Veronica Fields,987
Lisandra Larson,988
Quinn Stephenson,989
Eaton Brock,990
Mary Morin,991
Jamal David,992
Philip Flores,993
Hillary Moore,994
Indigo Tillman,995
Cailin Kinney,996
Xavier Chaney,997
Lillith Bernard,998
Plato Little,999
Zachery Montoya,1000